item_name,seller_name
Oriharukon Ore,Karabas
Oriharukon Ore,Kailinha
Oriharukon Ore,Shiilka
Oriharukon Ore,Delfino
Oriharukon Ore,Kage
Oriharukon Ore,Eilina
Oriharukon Ore,shcoolpalo
Oriharukon Ore,THAILAND
Oriharukon Ore,t2t2
Oriharukon Ore,Minni
Oriharukon Ore,Sluzhanka
Oriharukon Ore,Steatorrhea
Oriharukon Ore,evilos
Stone of Purity,BaskoFF
Stone of Purity,Kailinha
Stone of Purity,MrBass
Stone of Purity,SeriousMASS
Stone of Purity,IIapTu3aHKa
Stone of Purity,FjorinFromDion
Stone of Purity,FeralGuN
Stone of Purity,LordWespe
Stone of Purity,Fadmaschosch
Stone of Purity,JJ5297
Stone of Purity,V1RUS
Stone of Purity,Satane
Stone of Purity,shcoolpalo
Stone of Purity,Espinaca
Stone of Purity,Hikaru
Stone of Purity,THAILAND
Stone of Purity,spoilexe
Stone of Purity,f1ster
Stone of Purity,t2t2
Stone of Purity,Kyuubei
Stone of Purity,Minni
Stone of Purity,Shurenberg
Stone of Purity,Sluzhanka
Mithril Ore,Doublefister
Mithril Ore,LordWespe
Mithril Ore,moneyman
Mithril Ore,Kage
Mithril Ore,V1RUS
Mithril Ore,GromTor
Mithril Ore,Gordao
Mithril Ore,Satane
Mithril Ore,Sayfery
Mithril Ore,Taupa
Mithril Ore,typee
Mithril Ore,Espinaca
Mithril Ore,THAILAND
Mithril Ore,MeninaSemNome
Mithril Ore,BafflGVEl
Mithril Ore,Kalaji
Mithril Ore,Doneste
Mithril Ore,Sucubus
Mithril Ore,Miks2kz
Mithril Ore,f1ster
Mithril Ore,Chim
Mithril Ore,OvosheVodo4ka
Mithril Ore,evilos
